Title,Link,Reason
Painters in Fayetteville NC | Call Now | (910) 348 - 7927 |,https://paintersinnc.com/,"Yes, this message sounds like a potential customer in need of painting services as they are actively seeking a house painter in Fayetteville NC."
"Professional House Painters in Fayetteville, NC",https://certapro.com/fayetteville-nc/,"Yes, this message indicates that the potential customer is looking for professional house painters in Fayetteville, NC and is interested in getting a free estimate."
"Find home remodeling contractors in Fayetteville, NC",https://homeguide.com/nc/fayetteville/home-remodeling/,"Yes, this message indicates that the individual is actively searching for home remodeling contractors in Fayetteville, NC."
Fayetteville's Drywall Repair Experts.,https://www.thepatchboys.com/fayetteville/,"Yes, this message sounds like a potential customer in need of drywall repair services in the Fayetteville, NC area."
Professional Drywall Services Cameron NC Contractor ...,https://www.thepatchboys.com/fayetteville/services/,"Yes, this message sounds like a potential customer in need of drywall repair services as they mention holes, dents, and cracks in their walls and ceilings."
"Professional House Painters in Fayetteville, NC",https://certapro.com/fayetteville-nc/,"Yes, this message indicates that the potential customer is looking for professional house painters in Fayetteville, NC and is interested in getting a free estimate for their painting project."
Advice for bathroom reno under $10k : r/HomeImprovement,https://www.reddit.com/r/HomeImprovement/comments/197fsax/advice_for_bathroom_reno_under_10k/,"Yes, this message indicates that the person is actively seeking advice and estimates for a bathroom renovation within a budget, which suggests they may be interested in our remodeling services."
"Gold Star Siding, Windows & Roofing",https://www.goldstarnc.com/,"Yes, this message sounds like a potential customer in need of exterior remodeling services in Fayetteville and Raleigh-Durham, NC."
"Deck Builder Fayetteville, NC | Custom Design & ...",https://fayettevillefencepros.com/deck-builder/,"Yes, this message sounds like a potential customer in need of deck and porch railing installation or repair services in Fayetteville, NC."
Quick Improvements: Deck and Fence Services near ...,https://www.quickimprovementsllc.com/,"Yes, this message sounds like a potential customer in need of deck and fence services near Fayetteville, NC."
Fayetteville Power & Pressure Washing | Commercial ...,https://allcleanpowerwashnc.com/,"Yes, this message sounds like a potential customer in need of our services as they are looking for exterior softwash and pressure wash solutions for their home or business in Fayetteville, North Carolina."
"Professional House Painters in Fayetteville, NC",https://certapro.com/fayetteville-nc/,"Yes, this message sounds like a potential customer in need of painting services for their residential property in Fayetteville, NC."
Painters in Fayetteville NC | Call Now | (910) 348 - 7927 |,https://paintersinnc.com/,"Yes, this message sounds like a potential customer in need of painting services as they are actively seeking a house painter in Fayetteville NC."
Mikes Painting and Pressure Washing,https://www.mikespaintingonline.com/welcome/,"Yes, this message sounds like a potential customer in need of painting and pressure washing services for their residential or commercial property."
North Carolina Garage Conversions: call 866-865-2559 for an ...,http://garageconversion.net/nc/,"Yes, the message sounds like a potential customer in need of garage conversion services as they are specifically looking for information on converting their garage into a different type of space."
An ADU Garage Conversion Can Transform Your Home,https://caryremodeling.net/hire-adu-builder-raleigh-nc/adu-garage-conversion/,"Yes, the message sounds like a potential customer in need of our services because they are specifically mentioning the benefits of an ADU garage conversion and encouraging the reader to schedule a consultation."
"Fence Company In Fayetteville, NC | Free Estimates |",https://fayettevillefencepros.com/,"Yes, this message sounds like a potential customer in need of our services as they are specifically looking for a fence company in Fayetteville, NC and are offering free estimates."
Handyman Fayetteville NC,https://fayettevillenchandyman.com/,"Yes, this message sounds like a potential customer in need of remodeling, painting, or landscaping services as they are looking for reliable handyman services in Fayetteville, NC."
"The 10 Best Handyman Services in Fayetteville, NC (2025)",https://homeguide.com/nc/fayetteville/handyman/,"Yes, this message indicates that the individual is actively searching for handyman services in Fayetteville, NC, which could potentially lead to a need for our remodeling, painting, or landscaping services."
floor installation help : r/Flooring,https://www.reddit.com/r/Flooring/comments/mmxyhl/floor_installation_help/,"Yes, this message indicates a potential customer looking for help with floor installation, which falls under the services offered by the contracting business."
"Ray's Stucco | Stucco Contractor | Wendell, NC",https://www.raystucco.com/,"Yes, this message sounds like a potential customer in need of stucco services as they are specifically looking for a stucco contractor to give their home a new look."
"Professional Painting in Durham, NC",https://www.wow1day.com/locations/house-painting-durham-nc,"Yes, this message sounds like a potential customer in need of professional painting services in Durham, NC."
General contractor recommendations in Durham? : r/bullcity,https://www.reddit.com/r/bullcity/comments/8x3k8y/general_contractor_recommendations_in_durham/,"Yes, this message sounds like a potential customer in need of our services as they are actively seeking recommendations for a general contractor for their home remodeling project in Durham."
Zarazua Painting | Painting & Home Remodeling Service ...,https://zarazuapainting.com/,"Yes, this message sounds like a potential customer in need of painting and home remodeling services in Durham, NC."
"Professional Painting in Durham, NC - Wow 1 Day Painting",https://www.wow1day.com/locations/house-painting-durham-nc,"Yes, this message sounds like a potential customer in need of painting services in Durham, NC."
Bathroom remodel contractors? : r/bullcity,https://www.reddit.com/r/bullcity/comments/p84bmr/bathroom_remodel_contractors/,"Yes, the message indicates a potential customer in Durham, NC looking for bathroom remodel contractors, which falls within the services offered by the contracting business."
"Garage Additions & Remodeling | Durham, NC",https://greenhillcontracting.net/new-spaces/garage/,"Yes, this message sounds like a potential customer in need of garage additions and remodeling services in Durham, NC."
Any recommendations for window replacement companies ...,https://www.reddit.com/r/bullcity/comments/1djxt5k/any_recommendations_for_window_replacement/,"Yes, this message sounds like a potential customer in need of window replacement services, which falls under the remodeling category offered by the contracting business."
"Handyman Services l Durham, NC ...",https://www.jayksllc.com/handyman-services,"Yes, this message sounds like a potential customer in need of our services as they are specifically looking for a professional handyman service in Durham, NC."
"Cost To Paint Interior Of House in Durham, North Carolina",https://www.homeblue.com/house-painting/durham-nc-cost-to-paint-interior-of-house.htm,"Yes, this message sounds like a potential customer in need of our painting services as they are seeking cost estimates for painting the interior of their house in Durham, NC."
Durham Painting Pros - Expert Painting Professionals in ...,https://paintersdurhamnc.com/,"Yes, this message sounds like a potential customer in need of painting services in Durham, NC."
Expert Painters in Durham NC & Raleigh: Transform Your Space,https://brushupnc.com/,"Yes, this message sounds like a potential customer in need of painting services in Durham, NC."
Raleigh-Durham area contractor for repair,https://www.facebook.com/groups/469820494480580/posts/looking-for-someone-in-the-raleigh-durham-area-that-can-fix-this-and-provide-inf/1279075466888408/,"Yes, the content is a real customer seeking services as they are specifically looking for someone in the Raleigh-Durham area to fix something."
Drywall installation and repairs • Interior wall painting ...,https://www.facebook.com/groups/carolinaconnection/posts/3140937129392484/,"Yes, the content is a real customer seeking services as they are explicitly looking for reliable home repair services in North Carolina."
Drywall installation and repairs • Interior wall painting ...,https://www.facebook.com/groups/carolinaconnection/posts/3140937129392484/,"Yes, the content is a real customer seeking services as they are explicitly looking for reliable home repair services in North Carolina."
reliable tree service for non emergency estimate,https://www.facebook.com/groups/441872349292025/posts/3815487388597154/,"Yes, the content is a real customer seeking tree services in Keansburg, which falls within the landscaping services offered by the contracting business."
Drywall installation and repairs • Interior wall painting ...,https://www.facebook.com/groups/carolinaconnection/posts/3140937129392484/,"Yes, this is a real customer seeking services as they are explicitly looking for reliable home repair services in North Carolina."
